CUST_ID,BALANCE,BALANCE_FREQUENCY,PURCHASES,ONEOFF_PURCHASES,INSTALLMENTS_PURCHASES,CASH_ADVANCE,PURCHASES_FREQUENCY,ONEOFF_PURCHASES_FREQUENCY,PURCHASES_INSTALLMENTS_FREQUENCY,CASH_ADVANCE_FREQUENCY,CASH_ADVANCE_TRX,PURCHASES_TRX,CREDIT_LIMIT,PAYMENTS,MINIMUM_PAYMENTS,PRC_FULL_PAYMENT,TENURE,Cluster
C10284,5131.319584,1.0,32539.78,26547.43,5992.35,0.0,1.0,1.0,1.0,0.0,0,98,11500.0,26652.34432,1971.129435,0.083333,12,3
C10523,13479.28821,1.0,41050.4,40624.06,426.34,0.0,0.833333,0.666667,0.416667,0.0,0,157,17000.0,36066.75068,15914.48462,0.083333,12,3
C10574,11547.52001,1.0,49039.57,40761.25,8278.32,558.166886,1.0,1.0,0.916667,0.083333,1,101,22500.0,46930.59824,2974.069421,0.25,12,3
C11300,4010.621974,1.0,40040.71,24543.52,15497.19,0.0,1.0,1.0,1.0,0.0,0,358,18000.0,33994.72785,703.503256,1.0,12,3
C11657,3391.70218,1.0,38902.71,33803.84,5098.87,0.0,1.0,1.0,1.0,0.0,0,195,18000.0,35843.62593,716.027656,1.0,12,3
C14048,2997.977825,1.0,35131.16,34087.73,1043.43,0.0,1.0,1.0,0.833333,0.0,0,344,12000.0,28896.66522,767.01418,0.75,12,3
